category,text
technology,Artificial intelligence is reshaping the future of technology with its innovative applications.
sports,The team's victory in the championship game was celebrated with a parade through the city streets.
entertainment,The film industry is buzzing with excitement over the release of highly anticipated sequels.
health,Healthy living involves making conscious choices to prioritize physical and mental well-being.
politics,Political debates often spark heated discussions about the direction of government policies.
technology,The rapid pace of technological advancement presents both opportunities and challenges.
sports,Athletes train rigorously to achieve peak performance and excel in their chosen sport.
entertainment,Celebrities often use social media platforms to engage with fans and promote their projects.
health,Proper nutrition and regular exercise are essential for maintaining a healthy lifestyle.
politics,Elections provide citizens with the opportunity to voice their opinions and influence governance.
technology,Innovations in renewable energy are crucial for addressing environmental sustainability.
sports,Fans eagerly await the start of the new season to cheer on their favorite teams.
entertainment,Theater productions bring stories to life on stage captivating audiences with their performances.
health,Medical research continues to advance our understanding of diseases and treatment options.
politics,Government officials face scrutiny from the media and public over their decision-making.
technology,The rise of automation is transforming industries and reshaping the future of work.
sports,Teamwork and dedication are key factors in achieving success in competitive sports.
entertainment,Streaming services offer a wide range of content for viewers to enjoy at their convenience.
health,Mental health awareness campaigns aim to reduce stigma and promote access to support services.
politics,Policy debates often center around issues such as healthcare, education, and economic reform.
technology,The Internet of Things connects devices and enables smart solutions for everyday tasks.
sports,Professional athletes serve as role models for aspiring young athletes in their communities.
entertainment,Music festivals attract crowds of fans who gather to enjoy live performances by their favorite artists.
health,Regular sleep patterns and stress management techniques contribute to overall well-being.
politics,Legislative sessions involve deliberations on bills and proposals to enact new laws or policies.
technology,Virtual reality technology immerses users in simulated environments for entertainment and training.
sports,The Olympic Games showcase the world's top athletes competing on the global stage.
entertainment,Television shows and movies provide escapism and entertainment for audiences worldwide.
health,Dietary supplements can complement a balanced diet and support overall health goals.
politics,International diplomacy plays a crucial role in maintaining peace and resolving conflicts.
technology,Blockchain technology offers decentralized solutions for secure transactions and data management.
sports,Fans demonstrate unwavering loyalty and passion for their favorite teams, rain or shine.
entertainment,Cultural events celebrate diversity and promote artistic expression within communities.
health,Preventive care measures such as vaccinations and screenings help detect and prevent illnesses.
politics,Political campaigns rely on effective communication strategies to reach voters and convey messages.
technology,The advent of 5G technology promises faster and more reliable wireless connectivity.
sports,Athletes overcome adversity and setbacks through resilience and determination.
entertainment,The red carpet at awards shows is a showcase of glamorous fashion and celebrity style.
health,Mental health professionals provide therapy and support to individuals experiencing emotional distress.
politics,Government officials face public scrutiny and accountability for their actions and decisions.
technology,The tech industry thrives on innovation and disruption, driving progress and change.
sports,Spectators cheer and chant in unison to rally support for their team during games.
entertainment,Live performances by musicians and artists create unforgettable experiences for audiences.
health,Self-care practices such as meditation and mindfulness promote emotional well-being.
politics,Debates over public policy often center around ideological differences and priorities.
technology,Artificial intelligence algorithms analyze vast amounts of data to extract insights and patterns.
sports,Coaches play a critical role in guiding and mentoring athletes to reach their full potential.
entertainment,Hollywood blockbusters captivate audiences with thrilling action sequences and special effects.
health,Nutrition labels provide valuable information about the contents of packaged food products.
politics,Voter turnout is a key indicator of public engagement and participation in democratic processes.
technology,The Internet enables global connectivity and facilitates communication across borders.
sports,Professional athletes dedicate countless hours to training and preparation for competitions.
entertainment,Movie trailers generate buzz and anticipation for upcoming releases among moviegoers.
health,Regular physical activity boosts mood and energy levels while reducing the risk of chronic diseases.
politics,Political parties mobilize supporters and volunteers to canvass neighborhoods and rally voters.
technology,Cloud computing services offer scalable and cost-effective solutions for businesses of all sizes.
sports,Team chemistry and camaraderie are essential for success in team sports.
entertainment,Creative collaborations between artists result in groundbreaking works of art and music.
health,Public health initiatives promote healthy behaviors and lifestyles to improve overall well-being.
politics,Government transparency and accountability are essential for maintaining public trust.
technology,Machine learning algorithms analyze data to make predictions and automate decision-making.
sports,The roar of the crowd creates an electrifying atmosphere at sporting events.
entertainment,Cinematic universes expand storytelling possibilities across multiple interconnected films.
health,Regular exercise boosts immune function and reduces the risk of infections and illnesses.
politics,Policy debates shape the direction of government action and influence public policy outcomes.
technology,Robotics and automation are revolutionizing industries and transforming the workforce.
sports,Athletes demonstrate sportsmanship and respect for their opponents on and off the field.
entertainment,Art exhibits showcase the creativity and talent of artists from diverse backgrounds.
health,Healthy aging involves adopting lifestyle habits that support physical and cognitive health.
politics,Campaign ads inundate airwaves and social media platforms during election seasons.
technology,Quantum computing holds the potential to solve complex problems beyond the reach of classical computers.
sports,Fans display team colors and logos to show allegiance and pride for their favorite teams.
entertainment,Streaming platforms offer a vast library of content for binge-watching enthusiasts.
health,Medical breakthroughs offer hope for patients with rare diseases and conditions.
politics,Political debates highlight competing visions for the future and policy priorities.
technology,The Internet revolutionized how information is accessed, shared, and consumed.
sports,Victory celebrations erupt as the winning team hoists the championship trophy.
entertainment,Blockbuster movies draw massive crowds to theaters for opening weekend premieres.
health,Healthy eating habits begin with mindful choices and portion control.
politics,Policy decisions have far-reaching consequences for communities and future generations.
technology,Augmented reality enhances user experiences by overlaying digital content onto the physical world.
sports,Team rivalries intensify the competitive spirit and drive athletes to excel.
entertainment,Live performances showcase the talent and charisma of musicians and entertainers.
health,Regular physical activity is linked to improved cardiovascular health and longevity.
politics,Political candidates campaign tirelessly to garner support and win over undecided voters.
technology,The Internet of Things connects devices and enables smart solutions for homes and businesses.
sports,Training regimens focus on building strength, speed, and endurance for peak athletic performance.
entertainment,Pop culture trends influence fashion, music, and entertainment preferences.
health,Mental health resources provide support and guidance to individuals struggling with mental illness.
politics,Public opinion polls gauge public sentiment and influence political strategies.
technology,Cybersecurity measures protect digital assets and safeguard against cyber threats.
sports,Records are shattered and new milestones achieved in the pursuit of excellence in sports.
entertainment,Live events bring people together to share experiences and create lasting memories.
health,Healthy habits formed in childhood lay the foundation for lifelong well-being.
politics,Political pundits analyze election results and speculate on their implications.
technology,Artificial intelligence algorithms power virtual assistants and personalized recommendations.
sports,Fans flock to stadiums and arenas to witness thrilling sports matchups live.
entertainment,Streaming services offer a vast array of content for viewers to binge-watch at their leisure.
health,Regular exercise is associated with improved mood and mental health outcomes.
politics,Government officials face pressure to address pressing issues and deliver on campaign promises.
technology,The digital revolution has transformed how we live, work, and interact with one another.
sports,Team captains inspire and motivate their teammates to perform at their best.
entertainment,The entertainment industry is constantly evolving to adapt to changing consumer preferences.
health,Healthy sleep habits are essential for cognitive function and overall well-being.
politics,Political campaigns rely on fundraising efforts to finance advertising and outreach initiatives.
technology,The rise of social media platforms has revolutionized communication and networking.
sports,Fan loyalty spans generations, with families passing down support for their favorite teams.
entertainment,Hollywood premieres attract A-list celebrities and media attention from around the world.
health,Preventive screenings and check-ups are crucial for early detection of health problems.
politics,Public opinion polls provide insights into voter preferences and sentiment.
technology,Innovations in biotechnology hold promise for breakthroughs in healthcare and agriculture.
sports,Coaches develop game strategies and tactics to outsmart opponents and secure victories.
entertainment,Live performances captivate audiences with dazzling choreography and stunning visuals.
health,Healthy aging involves maintaining an active lifestyle and engaging in social activities.
politics,Political analysts dissect speeches and policy proposals to uncover underlying motives.
technology,Cutting-edge research pushes the boundaries of what is possible in science and technology.
sports,Fan communities rally behind their teams with unwavering support and dedication.
entertainment,Red carpet events showcase glamorous fashion and celebrity culture on a global stage.
health,Medical advancements offer hope for patients battling life-threatening illnesses.
politics,Policy debates highlight ideological differences and competing visions for the future.
technology,Artificial intelligence applications are transforming industries and reshaping society.
sports,Team chemistry and camaraderie are crucial for success in team sports competitions.
entertainment,Music festivals attract crowds of music enthusiasts from all walks of life.
health,Dietary choices impact overall health and well-being, influencing disease risk and longevity.
politics,Election campaigns mobilize volunteers and activists to canvass neighborhoods and rally voters.
technology,The Internet of Things connects devices and enables seamless communication and automation.
sports,Athletes train tirelessly to hone their skills and prepare for the challenges of competition.
entertainment,Movie premieres draw celebrities and fans alike to theaters for exclusive screenings.
health,Preventive care measures such as vaccinations and screenings are essential for public health.
politics,Political leaders make tough decisions that impact the lives of citizens and future generations.
technology,The tech industry drives innovation and economic growth, shaping the world we live in.
sports,Fans flock to stadiums and arenas to cheer on their favorite teams and athletes.
entertainment,Television shows and movies provide entertainment and escapism for audiences worldwide.
health,Physical activity is linked to improved cardiovascular health and reduced risk of chronic diseases.
politics,Political campaigns mobilize volunteers and resources to support candidates and causes.
technology,The Internet connects people and information across the globe, fostering communication and collaboration.
sports,Teamwork and determination are essential for success in competitive sports.
entertainment,Theater productions transport audiences
entertainment,The film was a masterpiece, captivating audiences with its brilliant storytelling and compelling characters.
health,Regular exercise is essential for maintaining a healthy lifestyle and reducing the risk of chronic diseases.
technology,Artificial intelligence is rapidly advancing, revolutionizing various industries and enhancing productivity.
politics,Political leaders must prioritize the needs of their constituents and work towards creating a more equitable society.
sports,The championship game was a thrilling spectacle, showcasing the incredible talent and determination of the athletes.
entertainment,Music has the power to evoke emotions and create connections across cultures and generations.
health,A balanced diet rich in fruits, vegetables, and whole grains is key to promoting overall well-being and longevity.
technology,Innovation drives progress, leading to breakthroughs that shape the future of technology and society.
politics,Democracy relies on active citizen participation and informed decision-making to ensure accountability and representation.
sports,Teamwork and dedication are crucial for achieving success in competitive sports and overcoming adversity.
entertainment,Theater productions transport audiences to new worlds, sparking imagination and inspiring creativity.
health,Mental health is just as important as physical health, and seeking support is a sign of strength, not weakness.
technology,The internet has transformed how we communicate, connect, and access information, opening up endless possibilities.
politics,Effective governance requires collaboration and compromise to address complex challenges and serve the common good.
sports,Athletes serve as role models for perseverance, sportsmanship, and dedication to excellence on and off the field.
entertainment,Artistic expression enriches our lives, offering a window into different perspectives and experiences.
health,Preventive care and early detection are crucial for preventing diseases and improving health outcomes.
technology,The rise of automation and robotics is reshaping industries and workforce dynamics, creating new opportunities and challenges.
politics,Transparency, accountability, and integrity are fundamental principles of good governance and public trust.
sports,The Olympic Games unite nations in friendly competition, promoting peace, solidarity, and mutual respect.
entertainment,Books transport readers to far-off lands and imaginary worlds, fostering empathy and understanding.
health,Self-care practices such as mindfulness, meditation, and relaxation techniques can help manage stress and promote mental well-being.
technology,Blockchain technology has the potential to revolutionize industries by enhancing security, transparency, and efficiency.
politics,Political polarization and division hinder progress and undermine democratic values, requiring dialogue and cooperation to bridge divides.
sports,The thrill of victory and the agony of defeat are part of the emotional rollercoaster of competitive sports.
entertainment,Artists push boundaries, challenge norms, and provoke thought through their creative expression.
health,Sleep is essential for physical and mental health, enabling the body to rest, repair, and recharge.
technology,The future of transportation is electric, autonomous, and interconnected, reducing emissions and congestion.
politics,Ensuring access to education, healthcare, and economic opportunities is essential for achieving social justice and equality.
sports,Injuries are an unfortunate but inevitable part of sports, highlighting the importance of safety measures and proper training.
entertainment,Television shows and films provide escapism, entertainment, and cultural commentary, shaping popular culture.
health,Nutrition education empowers individuals to make informed choices about their diets and improve their overall health.
technology,The Internet of Things (IoT) connects devices and systems, enabling smart, data-driven solutions for various applications.
politics,Civic engagement is essential for democracy, as informed and active citizens hold leaders accountable and drive change.
sports,The thrill of competition and the camaraderie of teammates make sports a universal language that transcends barriers.
entertainment,The power of storytelling lies in its ability to inspire, educate, and evoke empathy in audiences.
health,Physical activity is essential for maintaining muscle strength, bone density, and cardiovascular health.
technology,Virtual reality (VR) and augmented reality (AR) offer immersive experiences that blur the line between the digital and physical worlds.
politics,Protecting civil liberties and human rights is paramount in upholding democratic values and fostering social cohesion.
sports,The adrenaline rush of extreme sports challenges athletes to push their limits and defy gravity.
entertainment,Music festivals bring people together to celebrate diversity, culture, and the universal language of music.
health,Mental health stigma persists, but education and awareness efforts are breaking down barriers and promoting acceptance.
technology,5G technology promises ultra-fast speeds, low latency, and connectivity for a wide range of applications and devices.
politics,Global cooperation is essential for addressing pressing issues such as climate change, pandemics, and economic inequality.
sports,The spirit of sportsmanship emphasizes fair play, respect for opponents, and graciousness in victory and defeat.
entertainment,Art reflects society, challenging norms, provoking thought, and sparking dialogue about important issues.
health,Chronic stress can negatively impact physical and mental health, leading to conditions such as anxiety, depression, and heart disease.
technology,Machine learning algorithms analyze vast amounts of data to extract insights and make predictions in various fields.
politics,Protecting democratic institutions and norms is vital for safeguarding the rule of law, freedom of expression, and human rights.
sports,Paralympic athletes inspire the world with their resilience, determination, and extraordinary achievements.
entertainment,Live performances create memorable experiences, fostering connections between performers and audiences.
health,Preventive measures such as vaccinations, screenings, and regular check-ups are essential for disease prevention and early detection.
technology,Cybersecurity threats pose significant risks to individuals, businesses, and governments, highlighting the importance of robust defense measures.
politics,Effective leadership requires empathy, integrity, and a commitment to serving the public interest.
sports,The pursuit of excellence drives athletes to train tirelessly, overcome obstacles, and strive for greatness.
entertainment,Artistic expression encompasses a wide range of forms, from painting and sculpture to dance and theater.
health,Healthy eating habits start with education and awareness about nutrition, food choices, and portion control.
technology,Artificial intelligence (AI) applications range from virtual assistants and chatbots to autonomous vehicles and medical diagnostics.
politics,Participatory democracy empowers citizens to shape policies and decisions that affect their lives and communities.
sports,The joy of sports lies in the camaraderie of teammates, the thrill of competition, and the satisfaction of personal achievement.
entertainment,Film festivals showcase diverse voices, cultures, and perspectives, promoting inclusivity and understanding.
health,The mind-body connection is powerful, with mental health influencing physical well-being and vice versa.
technology,Quantum computing holds the promise of solving complex problems exponentially faster than classical computers.
politics,Political apathy undermines democracy, as citizen engagement and participation are essential for a healthy society.
sports,Sports bring people together, fostering friendships, promoting teamwork, and building community spirit.
entertainment,The performing arts provide a platform for self-expression, creativity, and storytelling.
health,Preventive health measures, such as exercise, nutrition, and stress management, are key components of holistic well-being.
technology,The Internet of Things (IoT) is revolutionizing industries by enabling connected devices to communicate and share data.
politics,Advocacy and activism are powerful tools for driving social change and holding governments and institutions accountable.
sports,Injuries are a reality of sports, but proper training, equipment, and medical care can help prevent and mitigate risks.
entertainment,Books transport readers to different worlds, allowing them to experience new adventures and perspectives.
health,Healthy lifestyle choices, such as regular exercise and balanced nutrition, are essential for preventing chronic diseases.
technology,Digital transformation is reshaping industries, economies, and societies, driven by advances in connectivity, computing, and data analytics.
politics,Political discourse should be respectful, constructive, and focused on finding solutions to shared challenges.
sports,The spirit of sportsmanship transcends borders and cultures, fostering mutual respect and understanding among nations.
entertainment,Art has the power to provoke thought, challenge norms, and inspire change in society.
health,Emotional well-being is as important as physical health, and seeking support and connection is vital for overall wellness.
technology,Emerging technologies such as augmented reality (AR) and virtual reality (VR) are transforming entertainment, education, and healthcare.
politics,Youth engagement in politics is critical for ensuring that the voices and concerns of future generations are heard and represented.
sports,The Olympic Games showcase the pinnacle of human athleticism, determination, and sportsmanship.
entertainment,Music transcends language and cultural barriers, bringing people together and sparking joy and connection.
health,Healthy aging involves maintaining physical, mental, and social well-being through lifestyle choices and supportive environments.
technology,The Fourth Industrial Revolution is characterized by the convergence of digital, physical, and biological technologies.
politics,Accountability and transparency are essential for effective governance and maintaining public trust in institutions.
sports,Sports fandom fosters a sense of belonging, identity, and community among fans worldwide.
entertainment,Artists challenge conventions, push boundaries, and inspire change through their creative expression.
health,Wellness encompasses physical, mental, and emotional well-being, requiring a holistic approach to health care and lifestyle choices.
technology,Cutting-edge innovations such as gene editing, quantum computing, and space exploration hold the potential to reshape the future.
politics,Inclusive and representative democracies ensure that all voices are heard and valued, fostering social cohesion and stability.
sports,The passion and dedication of sports fans create an electrifying atmosphere at stadiums and arenas around the world.
entertainment,The arts play a vital role in preserving cultural heritage, promoting diversity, and fostering creativity.
health,Self-care practices such as meditation, mindfulness, and self-reflection are essential for managing stress and promoting mental wellness.
technology,The digital divide exacerbates social and economic inequalities, highlighting the need for equitable access to technology and connectivity.
politics,Political polarization undermines democracy, hindering cooperation and compromise on pressing issues.
sports,The adrenaline rush of extreme sports challenges athletes to push their limits and embrace the thrill of adventure.
entertainment,The power of storytelling lies in its ability to educate, inspire, and ignite imagination in audiences.
health,Preventive health measures, such as vaccinations and screenings, are crucial for reducing the burden of disease and promoting public health.
technology,Data privacy and security are paramount in the digital age, requiring robust safeguards and regulations to protect personal information.
politics,Effective governance relies on transparency, accountability, and public trust in institutions and leaders.
sports,The camaraderie and teamwork of sports unite people from diverse backgrounds, fostering mutual respect and understanding.
entertainment,Artists challenge norms, provoke thought, and inspire change through their creative expression.
health,Physical activity is essential for maintaining mobility, strength, and overall well-being as we age.
technology,Artificial intelligence (AI) is poised to revolutionize industries, from healthcare and finance to transportation and entertainment.
politics,Youth engagement in civic life is vital for shaping the future of democracy and driving positive social change.
sports,The spirit of sportsmanship emphasizes fair play, respect, and integrity on and off the field.
sports,The team demonstrated exceptional teamwork and determination throughout the season.
technology,Innovative solutions are driving advancements in various fields, from artificial intelligence to renewable energy.
politics,Public trust in government institutions is crucial for a stable and functioning democracy.
entertainment,The new movie release promises to be a blockbuster hit, with thrilling action sequences and stunning visual effects.
health,A balanced diet, regular exercise, and sufficient sleep are essential for maintaining overall well-being.
sports,The athlete's dedication to training and relentless pursuit of excellence have earned them numerous accolades.
technology,The rapid pace of technological innovation is reshaping industries and revolutionizing the way we live and work.
politics,Transparency and accountability are fundamental principles of good governance.
entertainment,The latest music album has topped the charts, captivating audiences with its catchy tunes and heartfelt lyrics.
health,Preventive healthcare measures, such as vaccination and screening programs, can significantly reduce the burden of disease.
sports,The championship game was a nail-biting showdown between two fiercely competitive teams.
technology,Artificial intelligence algorithms are being deployed to optimize business operations and improve decision-making processes.
politics,Political leaders must prioritize the needs of their constituents and work towards inclusive policies.
entertainment,The theater production received rave reviews from critics and audiences alike for its stellar performances.
health,Mental health awareness campaigns aim to reduce stigma and encourage open discussions about psychological well-being.
sports,The stadium erupted into cheers as the home team scored a last-minute goal to secure victory.
technology,The latest smartphone features cutting-edge technology, including facial recognition and augmented reality capabilities.
politics,International diplomacy plays a crucial role in resolving conflicts and promoting global cooperation.
entertainment,The art exhibition showcased a diverse range of artistic styles and creative expressions.
health,Regular medical check-ups are important for early detection of health issues and timely intervention.
sports,The athlete's perseverance in the face of adversity serves as an inspiration to aspiring athletes everywhere.
technology,Blockchain technology holds the potential to revolutionize industries such as finance, healthcare, and supply chain management.
politics,Civil liberties and human rights must be protected to ensure a free and democratic society.
entertainment,The blockbuster movie franchise continues to captivate audiences with its thrilling plot twists and stunning special effects.
health,Physical activity is essential for maintaining cardiovascular health and reducing the risk of chronic diseases.
sports,The championship victory was the culmination of months of hard work and dedication by the entire team.
technology,The Internet of Things (IoT) is transforming everyday objects into interconnected smart devices.
politics,Political polarization and partisan divides pose significant challenges to effective governance.
entertainment,The live concert drew a massive crowd of enthusiastic fans, who sang along to every song.
health,Dietary supplements should not be used as a substitute for a balanced diet and healthy lifestyle.
sports,The coach's strategic decisions proved to be instrumental in leading the team to victory.
technology,Advancements in renewable energy technologies are critical for combating climate change.
politics,Electoral reforms are necessary to ensure fair and transparent elections.
entertainment,The movie adaptation stayed true to the original book, delighting fans with its faithful portrayal of beloved characters.
health,Chronic stress can have adverse effects on both physical and mental health.
sports,The rivalry between the two teams dates back decades, adding extra intensity to every match.
technology,Data privacy concerns have prompted calls for stricter regulations on the collection and use of personal information.
politics,Political instability can undermine economic growth and social cohesion.
entertainment,The art installation sparked conversations about pressing social issues and cultural identity.
health,Sleep plays a crucial role in cognitive function, mood regulation, and overall health.
sports,The sportsmanship displayed by both teams was commendable, fostering a spirit of camaraderie and mutual respect.
technology,Virtual reality technology allows users to immerse themselves in realistic and interactive digital environments.
politics,Government corruption erodes public trust and undermines the rule of law.
entertainment,The Broadway musical received standing ovations for its mesmerizing performances and dazzling choreography.
health,Regular exercise can boost immune function and reduce the risk of chronic illnesses.
sports,The championship trophy represents the culmination of years of dedication and hard work.
technology,The rise of automation and artificial intelligence is reshaping the future of work.
politics,Diplomatic negotiations are underway to address regional conflicts and promote peace and stability.
entertainment,The film festival showcased a diverse selection of independent films from around the world.
health,Mental health disorders affect millions of people worldwide and require access to quality care and support services.
sports,The halftime show featured a spectacular performance by a world-renowned artist.
technology,Advances in biotechnology are revolutionizing healthcare and personalized medicine.
politics,Political polarization has led to gridlock in government and hindered progress on important issues.
entertainment,The novel adaptation received critical acclaim for its faithful depiction of the original story.
health,Adequate hydration is essential for maintaining optimal bodily functions and preventing dehydration.
sports,The coach's motivational pep talk inspired the team to give their all on the field.
technology,The era of 5G connectivity promises faster internet speeds and lower latency.
politics,Citizens have a civic duty to participate in democratic processes and hold elected officials accountable.
entertainment,The comedy series has become a cultural phenomenon, spawning memes and catchphrases.
health,Regular dental check-ups are important for maintaining oral health and preventing dental problems.
sports,The championship game drew a record-breaking audience, with millions tuning in to watch the action.
technology,Cutting-edge research in quantum computing has the potential to solve complex problems faster than ever before.
politics,Political campaigns rely heavily on social media platforms to reach voters and spread their message.
entertainment,The live performance received thunderous applause from the audience, who were captivated by the actor's riveting portrayal.
"health,Physical activity releases endorphins, which are known as ""feel-good"" hormones."
sports,The star athlete's retirement marks the end of an illustrious career spanning decades.
technology,The Internet has democratized access to information and empowered individuals to connect and collaborate globally.
politics,International cooperation is essential for addressing global challenges such as climate change and terrorism.
entertainment,The art exhibition featured works by emerging artists as well as established masters.
health,A balanced diet should include a variety of fruits, vegetables, whole grains, and lean proteins.
sports,The referee's controversial decision sparked heated debate among fans and pundits alike.
technology,Artificial intelligence algorithms are being used to analyze vast amounts of data and extract valuable insights.
politics,Public opinion polls provide valuable feedback on government performance and public sentiment.
entertainment,The movie premiere was a star-studded event attended by celebrities from around the world.
health,Regular physical activity can improve cardiovascular health and reduce the risk of heart disease.
sports,The team's victory parade drew thousands of fans who lined the streets to cheer them on.
technology,The development of self-driving cars is poised to revolutionize transportation and urban mobility.
politics,Political polarization has led to increased hostility and division within society.
entertainment,The musical performance received rave reviews for its captivating melodies and powerful lyrics.
health,Mental health awareness campaigns aim to reduce stigma and encourage people to seek help when needed.
sports,The coach's strategic decisions proved decisive in securing the team's victory.
technology,The advent of cloud computing has transformed the way businesses store, manage, and analyze data.
politics,The electorate's growing disillusionment with mainstream politicians has fueled support for alternative parties.
entertainment,The film adaptation of the bestselling novel was eagerly anticipated by fans.
health,Adequate sleep is essential for cognitive function, emotional well-being, and overall health.
sports,The team's remarkable comeback in the final minutes of the game stunned spectators.
technology,Advancements in biometric authentication technology are enhancing security measures across various industries.
politics,Political unrest and protests have rocked the nation, prompting calls for government reform.
entertainment,The art gallery showcased a diverse range of artistic styles and mediums.
health,Healthy lifestyle choices, such as regular exercise and a balanced diet, can help prevent chronic diseases.
sports,The star player's injury dealt a blow to the team's chances of winning the championship.
technology,The Internet of Things (IoT) ecosystem is expanding rapidly, connecting devices and enabling seamless automation.
politics,Public trust in government institutions has been eroded by corruption scandals and political infighting.
entertainment,The film director's bold vision and innovative storytelling techniques set the movie apart from its peers.
health,Practicing mindfulness meditation can help reduce stress and improve overall well-being.
sports,The team's relentless pursuit of victory earned them the admiration of fans and rivals alike.
technology,The digital revolution has transformed how we communicate, work, and interact with the world.
politics,Political candidates are using social media platforms to reach voters and mobilize support for their campaigns.
entertainment,The theater production received critical acclaim for its thought-provoking themes and powerful performances.
health,Physical exercise releases endorphins, which can boost mood and alleviate symptoms of depression.
sports,The championship match was a fierce battle between two evenly matched opponents.
technology,Advances in robotics and automation are reshaping industries and creating new opportunities for innovation.
politics,The rise of populism and nationalism has challenged traditional political norms and institutions.
entertainment,The art installation sparked conversations about identity, culture, and social justice.
health,Adequate sleep is essential for cognitive function, mood regulation, and overall well-being.
sports,The team's victory celebration lasted late into the night, with fans chanting and cheering in the streets.
technology,The development of renewable energy technologies is critical for combating climate change and reducing reliance on fossil fuels.
politics,Citizens have a responsibility to stay informed and actively participate in the democratic process.
entertainment,The film festival showcased a diverse array of films from around the world, representing different cultures and perspectives.
health,Regular exercise and a balanced diet are important for maintaining a healthy weight and reducing the risk of chronic diseases.
sports,The coach's halftime pep talk motivated the team to stage a comeback in the second half.
technology,Artificial intelligence has the potential to revolutionize industries such as healthcare, finance, and transportation.
politics,Political polarization has created gridlock in government, hindering progress on important policy issues.
entertainment,The theater production received rave reviews from critics and audiences alike for its compelling storytelling and dynamic performances.
health,Mental health awareness campaigns aim to reduce stigma and promote early intervention for mental health issues.
sports,The star athlete's retirement marked the end of an era in professional sports.
technology,The development of renewable energy technologies is crucial for addressing climate change and reducing carbon emissions.
politics,Political leaders must prioritize the needs of the people and work towards common goals for the betterment of society.
entertainment,The art exhibition featured works by emerging artists as well as established masters, showcasing a diverse range of artistic styles.
health,Practicing mindfulness meditation can help reduce stress and improve overall well-being.
sports,The team's victory
sports,The team showed remarkable resilience in the face of adversity, leading to a stunning comeback victory.
technology,Advancements in artificial intelligence are reshaping industries and opening new possibilities for innovation.
politics,Leadership requires a balance of vision, empathy, and decisiveness to navigate complex challenges.
entertainment,The film captivated audiences with its gripping storyline and stellar performances from the cast.
health,Physical activity is essential for maintaining overall well-being and reducing the risk of chronic diseases.
sports,The championship game was a nail-biter, with both teams giving it their all until the final buzzer.
technology,The latest breakthrough in renewable energy promises a more sustainable future for generations to come.
politics,Effective governance requires collaboration and compromise to address the diverse needs of society.
entertainment,The theater production received standing ovations for its breathtaking set design and talented cast.
health,A balanced diet rich in fruits, vegetables, and whole grains is key to supporting a healthy immune system.
sports,The star player's injury cast a shadow over the team's prospects for the remainder of the season.
technology,Blockchain technology has the potential to revolutionize the way we conduct financial transactions.
politics,Transparency and accountability are essential pillars of a functioning democracy.
entertainment,The music festival attracted thousands of fans, creating an electric atmosphere throughout the weekend.
health,Mental health awareness is on the rise, prompting conversations and initiatives to break the stigma.
sports,The underdog team defied expectations and emerged victorious against all odds.
technology,The era of autonomous vehicles is dawning, promising safer and more efficient transportation.
politics,Policy decisions must be guided by evidence and expertise to address complex societal issues.
entertainment,The art exhibition showcased a diverse range of talent, sparking thought-provoking conversations.
health,Regular exercise has been shown to improve mood and cognitive function in people of all ages.
sports,The game-winning goal in overtime sent the fans into a frenzy of celebration.
technology,The rise of big data analytics is enabling businesses to make more informed decisions.
politics,Civic engagement is essential for holding elected officials accountable and shaping public policy.
entertainment,The bestselling novel is set to be adapted into a major motion picture, generating buzz among fans.
health,Quality sleep is crucial for physical and mental health, allowing the body to repair and recharge.
sports,The coach's strategic decisions were instrumental in turning the team's fortunes around.
technology,Virtual reality technology is transforming industries ranging from gaming to education.
politics,International cooperation is needed to address global challenges such as climate change and poverty.
entertainment,The Broadway musical received rave reviews for its dazzling choreography and memorable songs.
health,Stress management techniques such as mindfulness and meditation can promote overall well-being.
sports,The rival teams faced off in a highly anticipated matchup with playoff implications.
technology,The Internet of Things is connecting devices and systems to create smarter, more efficient environments.
politics,Public trust in government institutions is essential for a healthy democracy.
entertainment,The actor's performance in the lead role earned widespread acclaim and award nominations.
health,Adequate hydration is important for regulating body temperature and supporting cellular function.
sports,The star athlete announced their retirement, marking the end of an illustrious career.
technology,Artificial intelligence algorithms are becoming increasingly sophisticated, raising ethical questions.
politics,Political discourse should be characterized by civility and respect for differing viewpoints.
entertainment,The television series finale left fans on the edge of their seats with its shocking twists.
health,Regular medical check-ups and screenings are vital for early detection and treatment of health conditions.
sports,The team's victory parade drew massive crowds of jubilant fans to the streets.
technology,Robotics technology is revolutionizing industries such as manufacturing and healthcare.
politics,Democratic norms and institutions must be safeguarded to uphold the rule of law.
entertainment,The film director's unique vision brought the story to life in a visually stunning way.
health,Healthy lifestyle choices, such as not smoking and limiting alcohol intake, can reduce the risk of disease.
sports,The rookie sensation burst onto the scene with a series of standout performances.
technology,Cloud computing services offer scalability and flexibility for businesses of all sizes.
politics,Electoral integrity is crucial for ensuring free and fair elections.
entertainment,The live concert was a sensory delight, with dazzling lights and electrifying music.
health,Emotional well-being is just as important as physical health for overall wellness.
sports,The championship game went into overtime, with both teams refusing to back down.
technology,Genetic engineering holds promise for breakthroughs in medicine and agriculture.
politics,Public discourse should be characterized by reasoned debate and mutual respect.
entertainment,The theater production received critical acclaim for its thought-provoking themes.
health,Adequate sleep is essential for cognitive function and emotional well-being.
sports,The star quarterback orchestrated a game-winning drive in the final minutes.
technology,The development of quantum computers could revolutionize computing power.
politics,Protecting human rights is a fundamental duty of governments worldwide.
entertainment,The art installation sparked conversations about identity and belonging.
health,Physical activity releases endorphins, which can improve mood and reduce stress.
sports,The team's dedication and teamwork were evident in their decisive victory.
technology,The advent of 5G technology promises faster and more reliable wireless connectivity.
politics,Engagement with diverse perspectives can lead to more effective policymaking.
entertainment,The film director's bold storytelling choices divided critics and audiences alike.
health,A balanced diet should include a variety of nutrient-rich foods for optimal health.
sports,The championship game came down to the wire, with a last-second shot deciding the outcome.
technology,The proliferation of social media has reshaped how information is shared and consumed.
politics,Political polarization has eroded trust in democratic institutions.
entertainment,The actor's portrayal of a complex character earned praise from critics.
health,Mental health challenges affect people of all ages and backgrounds.
sports,The coach's halftime pep talk inspired the team to stage a second-half comeback.
technology,Artificial intelligence applications are increasingly integrated into everyday life.
politics,The role of media literacy in combating misinformation is more important than ever.
entertainment,The music video went viral, garnering millions of views in just a few days.
health,Regular physical activity can reduce the risk of chronic diseases such as heart disease and diabetes.
sports,The referee's controversial call sparked debate among fans and analysts.
technology,Cybersecurity measures are essential for protecting sensitive data from cyber threats.
politics,Ensuring access to education and healthcare is a cornerstone of social equity.
entertainment,The author's latest novel explores themes of love, loss, and redemption.
health,Practicing good hygiene, such as washing hands regularly, can prevent the spread of illness.
sports,The team's winning streak came to an end with a disappointing loss in the final game.
technology,The potential of quantum computing to solve complex problems is unparalleled.
politics,Respect for the rule of law is essential for a functioning democracy.
entertainment,The film's ensemble cast delivered standout performances across the board.
health,Mental health resources and support services should be accessible to all individuals.
sports,The rivalry between the two teams dates back decades, adding extra intensity to their matchups.
technology,The Internet has transformed how we communicate, work, and access information.
politics,Political campaigns play a vital role in shaping public opinion and mobilizing voters.
entertainment,The art exhibit showcased a diverse array of styles and mediums.
health,Regular physical activity can boost energy levels and improve sleep quality.
sports,The team's star player set a new record for career points scored.
technology,Privacy concerns have prompted calls for greater regulation of social media platforms.
politics,The separation of powers ensures a system of checks and balances within government.
entertainment,The theater production received a standing ovation from the audience.
health,Self-care practices, such as mindfulness and relaxation techniques, can reduce stress.
sports,The coach's decision to switch up the lineup paid off with a decisive victory.
technology,The development of self-driving cars has the potential to revolutionize transportation.
politics,Political apathy can undermine the democratic process and lead to disenchantment with government.
entertainment,The film's stunning visuals and gripping storyline kept audiences on the edge of their seats.
health,Positive social connections and relationships are essential for mental and emotional well-being.
sports,The star athlete's retirement marked the end of an era in the world of sports.
technology,The rise of automation is reshaping industries and the future of work.
politics,Civic engagement is a fundamental right and responsibility of all citizens.
entertainment,The concert-goers were treated to an unforgettable performance by the legendary artist.
health,Managing stress is important for overall health and well-being.
sports,The team's victory parade through the city streets was a celebration for the ages.
technology,The Internet of Things is revolutionizing how we interact with our environment.
politics,Ensuring access to affordable housing is a key priority for policymakers.
entertainment,The film adaptation of the bestselling novel exceeded expectations at the box office.
health,Adequate sleep is essential for cognitive function and overall health.
sports,The championship game was a thrilling contest that kept fans on the edge of their seats.
technology,The development of renewable energy technologies is critical for combating climate change.
politics,Political polarization has led to increased gridlock and partisanship in government.
entertainment,The theater production received rave reviews for its innovative staging and powerful performances.
health,Regular physical activity can boost mood and improve mental well-being.
sports,The team's victory in the championship game was a testament to their hard work and dedication.
technology,The Internet has revolutionized how we access information and communicate with others.
politics,Electoral integrity is essential for upholding the legitimacy of democratic elections.
entertainment,The film's ensemble cast delivered standout performances that resonated with audiences.
health,Practicing mindfulness and meditation can help reduce stress and improve overall well-being.
sports,The star player's injury cast doubt on the team's chances of winning the championship.
technology,Advancements in artificial intelligence have the potential to transform industries and societies.
politics,Public trust in government institutions is essential for a functioning democracy.
entertainment,The concert was a sold-out event, with fans eagerly anticipating the artist's performance.
health,Maintaining a balanced diet and regular exercise are key components of a healthy lifestyle.
sports,The team's victory was a testament to their skill, determination, and teamwork.
technology,The development of renewable energy sources is crucial for combating climate change.
politics,Political polarization has led to increased divisiveness and gridlock in government.
entertainment,The film's stunning visual effects and gripping storyline captivated audiences.
health,Emotional well-being is just as important as physical health for overall wellness.
sports,The championship game went into overtime, with both teams giving it their all until the final buzzer.
technology,The advent of 5G technology promises faster
sports,The team scored a last-minute goal to win the game.
technology,Advancements in artificial intelligence are reshaping industries.
politics,The government faces scrutiny over recent policy decisions.
entertainment,The film received mixed reviews from critics and audiences.
health,A healthy lifestyle includes regular exercise and nutritious meals.
sports,The athlete set a new world record in the 100-meter dash.
technology,New developments in renewable energy hold promise for the future.
politics,Political leaders debated the proposed budget in parliament.
entertainment,A popular TV series captivated viewers with its gripping storyline.
health,Experts warn of the dangers of excessive sugar consumption.
sports,The championship game ended in a thrilling overtime victory.
technology,The latest smartphone features a stunning OLED display.
politics,Voters turned out in record numbers for the national election.
entertainment,Celebrities attended the glamorous awards ceremony.
health,Medical professionals urge people to get enough sleep each night.
sports,The tennis match went into a tiebreaker in the final set.
technology,Virtual reality technology is transforming the gaming industry.
politics,The president signed a landmark trade agreement with neighboring countries.
entertainment,A blockbuster movie broke box office records.
health,Yoga and meditation are effective stress-relief techniques.
sports,The home team celebrated a hard-fought win with their fans.
technology,Artificial intelligence algorithms analyze vast amounts of data.
politics,Opposition parties criticized the government's handling of the crisis.
entertainment,A Broadway musical received rave reviews from theatergoers.
health,A balanced diet is essential for maintaining optimal health.
sports,The soccer match ended in a draw after a tense penalty shootout.
technology,Researchers are developing new treatments using gene-editing technology.
politics,Protesters took to the streets to demand political reforms.
entertainment,The concert sold out within minutes of tickets going on sale.
health,Regular physical activity reduces the risk of chronic diseases.
sports,The basketball team dominated their rivals in a lopsided victory.
technology,The latest software update introduces several new features.
politics,Legislators debated the controversial new bill in parliament.
entertainment,A popular band announced a reunion tour.
health,Eating a variety of fruits and vegetables boosts immunity.
sports,The marathon runner crossed the finish line in first place.
technology,Robotics technology is revolutionizing manufacturing processes.
politics,Diplomatic negotiations led to a historic peace agreement.
entertainment,A documentary film shed light on social issues.
health,Getting enough sleep is crucial for overall well-being.
sports,The golf tournament attracted top players from around the world.
technology,Blockchain technology is disrupting traditional finance.
politics,The prime minister delivered a televised address to the nation.
entertainment,A new art exhibition showcased the works of emerging artists.
health,Regular medical check-ups help detect health problems early.
sports,The cycling race tested riders' endurance and stamina.
technology,The company unveiled its latest innovation at a tech conference.
politics,The opposition leader called for a vote of no confidence.
entertainment,A Broadway play received critical acclaim from theater critics.
health,Staying hydrated is important for proper body function.
sports,The hockey team clinched victory with a dramatic overtime goal.
technology,Smart home devices are becoming increasingly popular.
politics,The president announced plans for infrastructure development.
entertainment,A music festival drew crowds from across the country.
health,Practicing good hygiene helps prevent the spread of disease.
sports,The rugby team won the championship for the third consecutive year.
technology,Researchers are working on breakthroughs in quantum computing.
politics,The mayor's reelection campaign gained momentum.
entertainment,A film adaptation of a bestselling novel hit theaters.
health,Healthy habits can improve quality of life and longevity.
sports,The swimmer set a new world record in the 200-meter freestyle.
technology,Self-driving cars promise to revolutionize transportation.
politics,Political analysts speculate about the outcome of the upcoming election.
entertainment,A comedian's stand-up special received rave reviews.
health,Adequate sleep is essential for cognitive function.
sports,The baseball team clinched a playoff berth with a win.
technology,Artificial intelligence systems learn from large datasets.
politics,The government announced tax cuts to stimulate the economy.
entertainment,An actor won an award for their performance in a movie.
health,Regular exercise strengthens muscles and bones.
sports,The football team rallied to win the game in overtime.
technology,The latest breakthrough in medical technology promises new treatments.
politics,Citizens protested against government corruption.
entertainment,A bestselling novel is being adapted into a TV series.
health,Eating a balanced diet supports overall health and well-being.
sports,The gymnast won gold at the international competition.
technology,Researchers are exploring the potential of quantum encryption.
politics,The prime minister faced tough questions from reporters.
entertainment,A popular band released a new album.
health,Mental health is just as important as physical health.
sports,The cycling race took participants through scenic routes.
technology,The latest software release fixes several bugs.
politics,Voters cast their ballots in the general election.
entertainment,A new art installation drew crowds to the museum.
health,Regular exercise improves cardiovascular health.
sports,The basketball team advanced to the finals.
technology,Virtual reality headsets provide immersive experiences.
politics,The opposition party called for a national referendum.
entertainment,A movie adaptation of a classic novel premiered.
health,Practicing mindfulness reduces stress levels.
sports,The soccer team suffered a defeat in the semifinals.
technology,Artificial intelligence algorithms analyze data patterns.
politics,The president signed legislation into law.
entertainment,A popular TV show returned for its final season.
health,Adequate hydration is important for overall health.
sports,The tennis player won the tournament trophy.
technology,The latest smartphone boasts advanced features.
politics,The opposition leader announced a plan for economic reform.
entertainment,A music video went viral on social media.
health,Eating a nutritious diet promotes well-being.
sports,The baseball pitcher threw a perfect game.
technology,The company announced a partnership with a major tech firm.
politics,Political candidates debated key issues in a televised forum.
entertainment,A new film festival showcased independent cinema.
health,Regular exercise boosts mood and energy levels.
sports,The hockey team secured a playoff spot.
technology,Advancements in biotechnology hold promise for medical breakthroughs.
politics,The president addressed the nation in a televised speech.
entertainment,A popular singer announced a world tour.
health,Adequate sleep is essential for physical and mental health.
sports,The football quarterback threw for over 400 yards.
technology,Researchers are developing AI-powered assistants.
politics,The opposition party proposed new legislation.
entertainment,A Broadway musical won multiple Tony Awards.
health,Healthy eating habits contribute to overall wellness.
sports,The golf tournament attracted top golfers from around the world.
technology,The latest gadget features innovative technology.
politics,Citizens protested against government corruption.
entertainment,A film adaptation of a bestselling novel premiered.
health,Eating a balanced diet supports overall health and well-being.
sports,The gymnast won gold at the international competition.
technology,Researchers are exploring the potential of quantum encryption.
politics,The prime minister faced tough questions from reporters.
entertainment,A popular band released a new album.
health,Mental health is just as important as physical health.
sports,The cycling race took participants through scenic routes.
technology,The latest software release fixes several bugs.
politics,Voters cast their ballots in the general election.
entertainment,A new art installation drew crowds to the museum.
health,Regular exercise improves cardiovascular health.
sports,The basketball team advanced to the finals.
technology,Virtual reality headsets provide immersive experiences.
politics,The opposition party called for a national referendum.
entertainment,A movie adaptation of a classic novel premiered.
health,Practicing mindfulness reduces stress levels.
sports,The soccer team suffered a defeat in the semifinals.
technology,Artificial intelligence algorithms analyze data patterns.
politics,The president signed legislation into law.
entertainment,A popular TV show returned for its final season.
health,Adequate hydration is important for overall health.
sports,The tennis player won the tournament trophy.
technology,The latest smartphone boasts advanced features.
politics,The opposition leader announced a plan for economic reform.
entertainment,A music video went viral on social media.
health,Eating a nutritious diet promotes well-being.
sports,The baseball pitcher threw a perfect game.
technology,The company announced a partnership with a major tech firm.
politics,Political candidates debated key issues in a televised forum.
entertainment,A new film festival showcased independent cinema.
health,Regular exercise boosts mood and energy levels.
sports,The hockey team secured a playoff spot.
technology,Advancements in biotechnology hold promise for medical breakthroughs.
politics,The president addressed the nation in a televised speech.
entertainment,A popular singer announced a world tour.
health,Adequate sleep is essential for physical and mental health.
sports,The football quarterback threw for over 400 yards.
technology,Researchers are developing AI-powered assistants.
politics,The opposition party proposed new legislation.
entertainment,A Broadway musical won multiple Tony Awards.
health,Healthy eating habits contribute to overall wellness.
sports,The marathon runner crossed the finish line in first place.
technology,Robotics technology is revolutionizing manufacturing processes.
politics,Diplomatic negotiations led to a historic peace agreement.
entertainment,A documentary film shed light on social issues.
health,Getting enough sleep is crucial for overall well-being.
sports,The basketball team dominated their rivals in a lopsided victory.
technology,The latest software update introduces several new features.
politics,Legislators debated the controversial new bill in parliament.
entertainment,A popular band announced a reunion tour.
health,Eating a variety of fruits and vegetables boosts immunity.
sports,The home team celebrated a hard-fought win with their fans.
technology,Artificial intelligence algorithms analyze vast amounts of data.
politics,Opposition parties criticized the government's handling of the crisis.
entertainment,A Broadway musical received rave reviews from theatergoers.
health,Medical professionals urge people to get enough sleep each night.
sports,The tennis match went into a tiebreaker in the final set.
technology,Virtual reality technology is transforming the gaming industry.
politics,The president signed a landmark trade agreement with neighboring countries.
entertainment,A blockbuster movie broke box office records.
health,Yoga and meditation are effective stress-relief techniques.
sports,The championship game ended in a thrilling overtime victory.
technology,The latest smartphone features a stunning OLED display.
politics,Voters turned out in record numbers for the national election.
entertainment,Celebrities attended the glamorous awards ceremony.
health,A balanced diet is essential for maintaining optimal health.
sports,The soccer match ended in a draw after a tense penalty shootout.
technology,Researchers are developing new treatments using gene-editing technology.
politics,Protesters took to the streets to demand political reforms.
entertainment,The concert sold out within minutes of tickets going on sale.
health,Regular physical activity reduces the risk of chronic diseases.
sports,The baseball team clinched victory with a dramatic overtime goal.
technology,The latest breakthrough in medical technology promises new treatments.
politics,Political leaders debated the proposed budget in parliament.
entertainment,A popular TV series captivated viewers with its gripping storyline.
health,Experts warn of the dangers of excessive sugar consumption.
sports,The athlete set a new world record in the 100-meter dash.
technology,New developments in renewable energy hold promise for the future.
politics,The government faces scrutiny over recent policy decisions.
entertainment,The film received mixed reviews from critics and audiences.
health,A healthy lifestyle includes regular exercise and nutritious meals.
sports,The team scored a last-minute goal to win the game.
technology,Advancements in artificial intelligence are reshaping industries.
politics,The mayor's reelection campaign gained momentum.
entertainment,A new art exhibition showcased the works of emerging artists.
health,Staying hydrated is important for proper body function.
sports,The cycling race tested riders' endurance and stamina.
technology,The company unveiled its latest innovation at a tech conference.
politics,The opposition leader called for a vote of no confidence.
entertainment,A comedy film drew laughs from audiences.
health,Regular exercise strengthens muscles and bones.
sports,The golf tournament attracted top players from around the world.
technology,Blockchain technology is disrupting traditional finance.
politics,The prime minister delivered a televised address to the nation.
entertainment,A bestselling author released a highly anticipated new novel.
health,Eating a balanced diet is essential for good health.
sports,The basketball player scored a career-high 40 points in the game.
technology,The latest gadget is equipped with state-of-the-art features.
politics,The opposition party unveiled its manifesto ahead of the election.
entertainment,A popular TV show was renewed for another season.
health,Physical activity is important for maintaining a healthy weight.
sports,The Olympic Games showcased athletes from around the world.
technology,The latest software update includes security enhancements.
politics,The president's approval rating saw a significant drop.
entertainment,A new movie trailer generated buzz online.
health,Regular exercise can improve mental well-being.
sports,The soccer team won the championship in a thrilling final match.
technology,Advancements in robotics are changing the way we work.
politics,The government announced new measures to tackle unemployment.
entertainment,A Broadway play received critical acclaim from theater critics.
health,Healthy eating habits are crucial for overall well-being.
sports,The baseball pitcher threw a perfect game.
technology,The latest smartphone boasts cutting-edge technology.
politics,The opposition party won a landslide victory in the election.
entertainment,A popular singer released a chart-topping album.
health,Maintaining a balanced diet is important for good health.
sports,The hockey team won the championship trophy.
technology,Artificial intelligence is revolutionizing various industries.
politics,Political tensions escalated between neighboring countries.
entertainment,A new Netflix series became a binge-watching sensation.
health,Regular exercise improves cardiovascular health.
sports,The basketball player was named MVP of the season.
technology,The latest tech conference showcased innovative products.
politics,The prime minister's speech sparked controversy.
entertainment,A blockbuster movie franchise announced a new installment.
health,Adequate sleep is essential for overall health and well-being.
sports,The tennis player won the Grand Slam title.
technology,Advancements in renewable energy are reducing carbon emissions.
politics,The opposition party called for an investigation into government corruption.
entertainment,A popular band released a greatest hits album.
health,Eating a balanced diet and staying active promote good health.
sports,The football team won the championship game in overtime.
technology,The latest software update fixed several bugs and glitches.
politics,Political unrest led to mass protests in the capital city.
entertainment,An acclaimed actor starred in a new Broadway production.
health,Regular physical activity is important for maintaining fitness.
sports,The baseball team clinched victory in a dramatic final inning.
technology,The latest breakthrough in medical science offers hope for patients.
politics,The president's approval ratings reached an all-time low.
entertainment,A highly anticipated film premiere attracted A-list celebrities.
health,A healthy lifestyle includes getting enough sleep each night.
sports,The soccer match ended in a draw after a thrilling penalty shootout.
technology,Innovations in artificial intelligence are transforming industries.
politics,The opposition leader called for a vote of confidence in the government.
entertainment,A popular TV show returned for its final season.
health,A balanced diet and regular exercise are keys to good health.
sports,The basketball team won the championship with a buzzer-beater shot.
technology,The latest smartphone features advanced facial recognition technology.
politics,The prime minister's speech was met with criticism from opposition parties.
entertainment,A new movie adaptation of a bestselling novel premiered.
health,Practicing mindfulness meditation can reduce stress levels.
sports,The hockey team secured a playoff spot with a win in the final game.
technology,Artificial intelligence is revolutionizing the healthcare industry.
politics,Voters turned out in record numbers for the national election.
entertainment,A popular band announced a world tour.
health,Adequate sleep is essential for physical and mental well-being.
sports,The football quarterback threw for over 400 yards in the game.
technology,Researchers are developing AI-powered virtual assistants.
politics,The opposition party proposed new legislation in parliament.
entertainment,A Broadway musical won multiple Tony Awards.
health,Healthy eating habits contribute to overall wellness and vitality.
sports,The golf tournament attracted top players from around the world.
technology,The latest gadget features innovative technology and design.
politics,Citizens protested against government corruption and injustice.
entertainment,A film adaptation of a classic novel premiered in theaters.
health,Eating a nutritious diet promotes well-being and longevity.
sports,The gymnast won gold at the international competition.
technology,Researchers are exploring the potential of quantum computing.
politics,The prime minister faced tough questions from reporters at a press conference.
entertainment,A popular singer released a new album.
health,Adequate hydration is important for overall health and well-being.
sports,The tennis player won the tournament championship.
technology,The latest smartphone boasts cutting-edge features and performance.
politics,The opposition leader announced a plan for economic reform.
entertainment,A music video went viral on social media platforms.
health,Eating a balanced diet is essential for maintaining good health.
sports,The baseball pitcher threw a perfect game for his team.
technology,Artificial intelligence algorithms analyze data to make predictions.
politics,The president signed important legislation into law.
entertainment,A popular TV show returned for its final season.
health,Adequate sleep is crucial for physical and mental health.
sports,The soccer team suffered a defeat in the semifinals.
technology,The latest software release fixes several bugs and vulnerabilities.
politics,Voters cast their ballots in the general election.
entertainment,A new art installation drew crowds to the museum.
health,Regular exercise improves cardiovascular fitness and overall health.
sports,The basketball team advanced to the finals of the tournament.
technology,Virtual reality headsets provide immersive gaming experiences.
politics,The opposition party called for a national referendum on the issue.
entertainment,A new movie adaptation of a bestselling novel premiered in theaters.
health,Practicing mindfulness meditation can reduce stress and anxiety levels.
sports,The baseball team won the championship series in a decisive game.
technology,The latest smartphone features a high-resolution display and fast processor.
politics,The prime minister announced plans for economic stimulus measures.
entertainment,A popular band released a new single from their upcoming album.
health,Eating a balanced diet and getting regular exercise are essential for good health.
sports,The football team scored a last-minute touchdown to win the game.
technology,Researchers are developing new technologies to combat climate change.
politics,The opposition party accused the government of corruption.
entertainment,A highly anticipated movie premiere drew crowds of fans.
health,Regular physical activity improves overall fitness and well-being.
sports,The soccer team advanced to the final round of the tournament.
technology,The latest software update includes improved security features.
politics,The president's approval ratings have declined in recent months.
entertainment,A popular TV series returned for its latest season.
health,Adequate sleep is important for cognitive function and mood regulation.
sports,The basketball player scored a career-high 50 points in the game.
technology,Advancements in artificial intelligence are reshaping industries worldwide.
politics,Political leaders debated the budget proposal in parliament.
entertainment,An acclaimed actor starred in a new blockbuster movie.
health,Eating a balanced diet and exercising regularly are keys to a healthy lifestyle.
sports,The hockey team won the championship title in overtime.
technology,The latest tech conference showcased cutting-edge innovations in robotics.
politics,The opposition party called for a vote of confidence in the government.
entertainment,A popular singer released a new album that topped the charts.
health,Adequate hydration is essential for overall health and well-being.
sports,The tennis player won the Grand Slam tournament for the third time.
technology,The latest smartphone boasts advanced features and functionality.
politics,The prime minister's speech was met with criticism from opposition parties.
entertainment,A highly anticipated film premiere attracted A-list celebrities.
health,Regular exercise and a balanced diet are important for maintaining good health.
sports,The baseball team clinched victory in the final inning of the game.
technology,The latest breakthrough in medical science offers hope for patients with rare diseases.
politics,The president's approval ratings reached an all-time low.
entertainment,A popular TV show returned for its final season with record-breaking ratings.
health,Adequate sleep is crucial for physical and mental well-being.
sports,The soccer match ended in a draw after a thrilling penalty shootout.
technology,Advancements in artificial intelligence are transforming industries.
politics,The opposition leader called for a vote of confidence in the government.
entertainment,A popular band released a greatest hits album.
health,Eating a balanced diet and staying active promote good health.
sports,The football team won the championship game in overtime.
technology,The latest software update fixed several bugs and glitches.
sports,The marathon runner crossed the finish line in first place.
technology,Researchers are working on breakthroughs in quantum computing.
politics,Protesters took to the streets to demand political reforms.
entertainment,A documentary film shed light on social issues.
health,Getting enough sleep is crucial for overall well-being.
sports,The golf tournament attracted top players from around the world.
technology,Blockchain technology is disrupting traditional finance.
politics,The prime minister delivered a televised address to the nation.
entertainment,A new art exhibition showcased the works of emerging artists.
health,A balanced diet is essential for maintaining optimal health.
sports,The soccer match ended in a draw after a tense penalty shootout.
technology,The latest smartphone features a stunning OLED display.
politics,Voters turned out in record numbers for the national election.
entertainment,Celebrities attended the glamorous awards ceremony.
health,Medical professionals urge people to get enough sleep each night.
sports,The tennis match went into a tiebreaker in the final set.
technology,Virtual reality technology is transforming the gaming industry.
politics,Opposition parties criticized the government's handling of the crisis.
entertainment,A popular TV series captivated viewers with its gripping storyline.
health,Experts warn of the dangers of excessive sugar consumption.
sports,The championship game ended in a thrilling overtime victory.
technology,New developments in renewable energy hold promise for the future.
politics,Political leaders debated the proposed budget in parliament.
entertainment,The film received mixed reviews from critics and audiences.
health,A healthy lifestyle includes regular exercise and nutritious meals.
sports,The athlete set a new world record in the 100-meter dash.
technology,Advancements in artificial intelligence are reshaping industries.
politics,The government faces scrutiny over recent policy decisions.
entertainment,A blockbuster movie broke box office records.
health,Yoga and meditation are effective stress-relief techniques.
sports,The home team celebrated a hard-fought win with their fans.
technology,Artificial intelligence algorithms analyze vast amounts of data.
politics,Legislators debated the controversial new bill in parliament.
entertainment,A popular band announced a reunion tour.
health,Eating a variety of fruits and vegetables boosts immunity.
sports,The basketball team dominated their rivals in a lopsided victory.
technology,The latest software update introduces several new features.
politics,Diplomatic negotiations led to a historic peace agreement.
entertainment,A Broadway musical received rave reviews from theatergoers.
health,Staying hydrated is important for proper body function.
sports,The cycling race tested riders' endurance and stamina.
technology,Robotics technology is revolutionizing manufacturing processes.
politics,The mayor's reelection campaign gained momentum.
entertainment,A film adaptation of a bestselling novel hit theaters.
health,Regular medical check-ups help detect health problems early.
sports,The hockey team clinched victory with a dramatic overtime goal.
technology,Smart home devices are becoming increasingly popular.
politics,The president signed a landmark trade agreement with neighboring countries.
entertainment,A documentary film shed light on social issues.
health,Getting enough sleep is crucial for overall well-being.
sports,The marathon runner crossed the finish line in first place.
technology,Researchers are working on breakthroughs in quantum computing.
politics,Protesters took to the streets to demand political reforms.
entertainment,A new art exhibition showcased the works of emerging artists.
health,A balanced diet is essential for maintaining optimal health.
sports,The golf tournament attracted top players from around the world.
technology,Blockchain technology is disrupting traditional finance.
politics,The prime minister delivered a televised address to the nation.
entertainment,A new art exhibition showcased the works of emerging artists.
health,A balanced diet is essential for maintaining optimal health.
sports,The golf tournament attracted top players from around the world.
technology,Blockchain technology is disrupting traditional finance.
politics,The prime minister delivered a televised address to the nation.
entertainment,A new art exhibition showcased the works of emerging artists.
health,A balanced diet is essential for maintaining optimal health.
sports,The golf tournament attracted top players from around the world.
technology,Blockchain technology is disrupting traditional finance.
politics,The prime minister delivered a televised address to the nation.
entertainment,A new art exhibition showcased the works of emerging artists.
health,A balanced diet is essential for maintaining optimal health.
sports,The golf tournament attracted top players from around the world.
technology,Blockchain technology is disrupting traditional finance.
politics,The prime minister delivered a televised address to the nation.
entertainment,A new art exhibition showcased the works of emerging artists.
health,A balanced diet is essential for maintaining optimal health.
sports,The golf tournament attracted top players from around the world.
technology,Blockchain technology is disrupting traditional finance.
politics,The prime minister delivered a televised address to the nation.
entertainment,A new art exhibition showcased the works of emerging artists.
health,A balanced diet is essential for maintaining optimal health.
sports,The golf tournament attracted top players from around the world.
technology,Blockchain technology is disrupting traditional finance.
politics,The prime minister delivered a televised address to the nation.
entertainment,A new art exhibition showcased the works of emerging artists.
health,A balanced diet is essential for maintaining optimal health.
sports,The golf tournament attracted top players from around the world.
technology,Blockchain technology is disrupting traditional finance.
politics,The prime minister delivered a televised address to the nation.
entertainment,A new art exhibition showcased the works of emerging artists.
health,A balanced diet is essential for maintaining optimal health.
sports,The golf tournament attracted top players from around the world.
technology,Blockchain technology is disrupting traditional finance.
politics,The prime minister delivered a televised address to the nation.
entertainment,A new art exhibition showcased the works of emerging artists.
health,A balanced diet is essential for maintaining optimal health.
sports,The golf tournament attracted top players from around the world.
technology,Blockchain technology is disrupting traditional finance.
politics,The prime minister delivered a televised address to the nation.
entertainment,A new art exhibition showcased the works of emerging artists.
health,A balanced diet is essential for maintaining optimal health.
sports,The golf tournament attracted top players from around the world.
technology,Blockchain technology is disrupting traditional finance.
politics,The prime minister delivered a televised address to the nation.
entertainment,A new art exhibition showcased the works of emerging artists.
health,A balanced diet is essential for maintaining optimal health.
sports,The golf tournament attracted top players from around the world.
technology,Blockchain technology is disrupting traditional finance.
politics,The prime minister delivered a televised address to the nation.
entertainment,A new art exhibition showcased the works of emerging artists.
health,A balanced diet is essential for maintaining optimal health.
sports,The golf tournament attracted top players from around the world.
technology,Blockchain technology is disrupting traditional finance.
politics,The prime minister delivered a televised address to the nation.
entertainment,A new art exhibition showcased the works of emerging artists.
health,A balanced diet is essential for maintaining optimal health.
sports,The golf tournament attracted top players from around the world.
technology,Blockchain technology is disrupting traditional finance.
politics,The prime minister delivered a televised address to the nation.
entertainment,A new art exhibition showcased the works of emerging artists.
health,A balanced diet is essential for maintaining optimal health.
sports,The golf tournament attracted top players from around the world.
technology,Blockchain technology is disrupting traditional finance.
politics,The prime minister delivered a televised address to the nation.
entertainment,A new art exhibition showcased the works of emerging artists.
health,A balanced diet is essential for maintaining optimal health.
sports,The golf tournament attracted top players from around the world.
technology,Blockchain technology is disrupting traditional finance.
politics,The prime minister delivered a televised address to the nation.
entertainment,A new art exhibition showcased the works of emerging artists.
health,A balanced diet is essential for maintaining optimal health.
sports,The golf tournament attracted top players from around the world.
technology,Blockchain technology is disrupting traditional finance.
politics,The prime minister delivered a televised address to the nation.
entertainment,A new art exhibition showcased the works of emerging artists.
health,A balanced diet is essential for maintaining optimal health.
sports,The golf tournament attracted top players from around the world.
technology,Blockchain technology is disrupting traditional finance.
politics,The prime minister delivered a televised address to the nation.
entertainment,A new art exhibition showcased the works of emerging artists.
health,A balanced diet is essential for maintaining optimal health.
sports,The golf tournament attracted top players from around the world.
technology,Blockchain technology is disrupting traditional finance.
politics,The prime minister delivered a televised address to the nation.
entertainment,A new art exhibition showcased the works of emerging artists.
health,A balanced diet is essential for maintaining optimal health.
sports,The golf tournament attracted top players from around the world.
technology,Blockchain technology is disrupting traditional finance.
politics,The prime minister delivered a televised address to the nation.
entertainment,A new art exhibition showcased the works of emerging artists.
health,A balanced diet is essential for maintaining optimal health.
sports,The golf tournament attracted top players from around the world.
technology,Blockchain technology is disrupting traditional finance.
politics,The prime minister delivered a televised address to the nation.
entertainment,A new art exhibition showcased the works of emerging artists.
health,A balanced diet is essential for maintaining optimal health.
sports,The golf tournament attracted top players from around the world.
technology,Blockchain technology is disrupting traditional finance.
politics,The prime minister delivered a televised address to the nation.
entertainment,A new art exhibition showcased the works of emerging artists.
health,A balanced diet is essential for maintaining optimal health.
